{
  "assemblyStates": {
    "JSON_handler_Output.6uh08y5g9D1i4fi61XApL94": {
      "namespace": "UiPath.System.Activities.ViewModels.SWEntities.JSON_handler_Output.Bundle",
      "providerName": "CustomEntities",
      "key": {
        "name": "UiPath.System.Activities.ViewModels.SWEntities.JSON_handler_Output",
        "hash": "LTE4NjE5MTYyMDY",
        "assemblyName": "JSON_handler_Output.6uh08y5g9D1i4fi61XApL94"
      }
    },
    "JSON_handler_Input.pOON41wNNHL1wHG7f2inO3o1": {
      "namespace": "UiPath.System.Activities.ViewModels.SWEntities.JSON_handler_Input.Bundle",
      "providerName": "CustomEntities",
      "key": {
        "name": "UiPath.System.Activities.ViewModels.SWEntities.JSON_handler_Input",
        "hash": "LTQ2NjU0MjA5Mg",
        "assemblyName": "JSON_handler_Input.pOON41wNNHL1wHG7f2inO3o1"
      }
    },
    "C20EB213EB7_weather_.5YXml1ciMqD1U9w7V3JpShV": {
      "namespace": "UiPath.IntegrationService.Activities.SWEntities.C20EB213EB7_weather_sub_forecast_sub_daily_sub_json_Retrieve.Bundle",
      "providerName": "CustomEntities",
      "key": {
        "name": "UiPath.IntegrationService.Activities.SWEntities.C20EB213EB7_weather_sub_forecast_sub_daily_sub_json_Retrieve",
        "hash": "ZkZSSk03ZCsxdzJnVzZqaGtuK0RYeE5vYlZZYTdHYTdtR2I0c1FIRTJ5YW5RdVRuYklKeHVBVDVqTTJiOEl2cFk0dXdCUGQ4bTNyS2JmRkFrTDdSbEE9PQ",
        "assemblyName": "C20EB213EB7_weather_.5YXml1ciMqD1U9w7V3JpShV"
      }
    },
    "C20EB213EB7_weather_.JVmE8k9uQR1Dl5Sd4eA2gf2": {
      "namespace": "UiPath.IntegrationService.Activities.SWEntities.C20EB213EB7_weather_sub_forecast_sub_daily_sub_json.Bundle",
      "providerName": "CustomEntities",
      "key": {
        "name": "UiPath.IntegrationService.Activities.SWEntities.C20EB213EB7_weather_sub_forecast_sub_daily_sub_json",
        "hash": "YVB4ejBiMmlxeTQvemRreDYvSHJEUWJwU3NDUFdRUlMzKzZVN2R2S0VUSVVrTlNGRk8rRjBpcUxSZ0NXVGMvNzVIcEJUdlJnWW55SlhQNFNOMURQRHc9PQ",
        "assemblyName": "C20EB213EB7_weather_.JVmE8k9uQR1Dl5Sd4eA2gf2"
      }
    }
  }
}