{
  "assemblyStates": {
    "Agent_Input.C2iUBmCrgN1vYuU3m1Gwa3": {
      "namespace": "UiPath.System.Activities.ViewModels.SWEntities.Agent_Input.Bundle",
      "providerName": "CustomEntities",
      "key": {
        "name": "UiPath.System.Activities.ViewModels.SWEntities.Agent_Input",
        "hash": "MTc5MTY4ODM1OQ",
        "assemblyName": "Agent_Input.C2iUBmCrgN1vYuU3m1Gwa3"
      }
    },
    "Agent_Output.1le7D2bzf7J1rifZr1L468d4": {
      "namespace": "UiPath.System.Activities.ViewModels.SWEntities.Agent_Output.Bundle",
      "providerName": "CustomEntities",
      "key": {
        "name": "UiPath.System.Activities.ViewModels.SWEntities.Agent_Output",
        "hash": "NDY0Njc3ODk1",
        "assemblyName": "Agent_Output.1le7D2bzf7J1rifZr1L468d4"
      }
    }
  }
}