{
  "ExportedBy": "StudioWeb",
  "BundleHash": null,
  "Version": "1.0.0.0",
  "JitAssemblyCompilerCommands": [
    {
      "ProviderName": "CustomEntities",
      "BundleOptions": {
        "EntitiesBundle": {
          "Types": {
            "Agent_Input": {
              "Name": "Agent_Input",
              "Properties": [
                {
                  "Name": "Location",
                  "Type": {
                    "ClrType": "System.String, System.Private.CoreLib"
                  },
                  "Attributes": {
                    "Values": [
                      {
                        "Type": {
                          "ClrType": "Newtonsoft.Json.JsonPropertyAttribute, Newtonsoft.Json"
                        },
                        "ConstructorArguments": [
                          {
                            "Value": "\"Location\"",
                            "Type": {
                              "ClrType": "System.String, System.Private.CoreLib"
                            }
                          }
                        ],
                        "NamedArguments": []
                      },
                      {
                        "Type": {
                          "ClrType": "System.ComponentModel.DisplayNameAttribute, System.ComponentModel.Primitives"
                        },
                        "ConstructorArguments": [
                          {
                            "Value": "\"Location\"",
                            "Type": {
                              "ClrType": "System.String, System.Private.CoreLib"
                            }
                          }
                        ],
                        "NamedArguments": []
                      }
                    ]
                  }
                },
                {
                  "Name": "Recepients",
                  "Type": {
                    "ClrType": "System.String, System.Private.CoreLib"
                  },
                  "Attributes": {
                    "Values": [
                      {
                        "Type": {
                          "ClrType": "Newtonsoft.Json.JsonPropertyAttribute, Newtonsoft.Json"
                        },
                        "ConstructorArguments": [
                          {
                            "Value": "\"Recepients\"",
                            "Type": {
                              "ClrType": "System.String, System.Private.CoreLib"
                            }
                          }
                        ],
                        "NamedArguments": []
                      },
                      {
                        "Type": {
                          "ClrType": "System.ComponentModel.DisplayNameAttribute, System.ComponentModel.Primitives"
                        },
                        "ConstructorArguments": [
                          {
                            "Value": "\"Recepients\"",
                            "Type": {
                              "ClrType": "System.String, System.Private.CoreLib"
                            }
                          }
                        ],
                        "NamedArguments": []
                      }
                    ]
                  },
                  "IsCollection": true
                }
              ],
              "BaseType": null
            }
          },
          "Version": 1
        },
        "Hash": "1791688359",
        "BundleName": "Agent_Input"
      },
      "EntityAssemblyKey": {
        "Name": "UiPath.System.Activities.ViewModels.SWEntities.Agent_Input",
        "Hash": "MTc5MTY4ODM1OQ",
        "AssemblyName": "Agent_Input.C2iUBmCrgN1vYuU3m1Gwa3"
      }
    },
    {
      "ProviderName": "CustomEntities",
      "BundleOptions": {
        "EntitiesBundle": {
          "Types": {
            "Agent_Output": {
              "Name": "Agent_Output",
              "Properties": [
                {
                  "Name": "message",
                  "Type": {
                    "ClrType": "System.String, System.Private.CoreLib"
                  },
                  "Attributes": {
                    "Values": [
                      {
                        "Type": {
                          "ClrType": "Newtonsoft.Json.JsonPropertyAttribute, Newtonsoft.Json"
                        },
                        "ConstructorArguments": [
                          {
                            "Value": "\"message\"",
                            "Type": {
                              "ClrType": "System.String, System.Private.CoreLib"
                            }
                          }
                        ],
                        "NamedArguments": []
                      },
                      {
                        "Type": {
                          "ClrType": "System.ComponentModel.DisplayNameAttribute, System.ComponentModel.Primitives"
                        },
                        "ConstructorArguments": [
                          {
                            "Value": "\"message\"",
                            "Type": {
                              "ClrType": "System.String, System.Private.CoreLib"
                            }
                          }
                        ],
                        "NamedArguments": []
                      }
                    ]
                  }
                }
              ],
              "BaseType": null
            }
          },
          "Version": 1
        },
        "Hash": "464677895",
        "BundleName": "Agent_Output"
      },
      "EntityAssemblyKey": {
        "Name": "UiPath.System.Activities.ViewModels.SWEntities.Agent_Output",
        "Hash": "NDY0Njc3ODk1",
        "AssemblyName": "Agent_Output.1le7D2bzf7J1rifZr1L468d4"
      }
    }
  ]
}